{"web":{"client_id":"256596158013-ts5rbnpd4j11m274r1c7a7nsalbmhmua.apps.googleusercontent.com","project_id":"itemcatelog-195110","auth_uri":"https://accounts.google.com/o/oauth2/auth","token_uri":"https://accounts.google.com/o/oauth2/token","auth_provider_x509_cert_url":"https://www.googleapis.com/oauth2/v1/certs","client_secret":"uLBSwv4aMj26NUmemt5pD519","redirect_uris":["http://localhost:5000/login","http://localhost:5000/gconnect"],"javascript_origins":["http://www.example.com","http://localhost:5000"]}}